,
,
,
300,젊은 직장인,50,-9|44/9|44/13|48/-13|48,-17|30/17|30/18|40/-18|40,0|0,7,idle|0300_char_guest_idle_front_1|0300_char_guest_idle_back_1,walk|0300_char_guest_walk_front_1|0300_char_guest_walk_back_1,find|0300_char_guest_find_front_1|0300_char_guest_find_back_1,get|0300_char_guest_get_front_1|0300_char_guest_get_back_1,cook|0300_char_guest_get_front_1|0300_char_guest_get_back_1,eat|0300_char_guest_eat_front_1|0300_char_guest_eat_back_1,sit|0300_char_guest_siteat_front_1|0300_char_guest_siteat_back_1,
301,까칠한 도시남자,50,-9|44/9|44/13|48/-13|48,-17|30/17|30/18|40/-18|40,0|0,7,idle|0301_char_guest_idle_front_1|0301_char_guest_idle_back_1,walk|0301_char_guest_walk_front_1|0301_char_guest_walk_back_1,find|0301_char_guest_find_front_1|0301_char_guest_find_back_1,get|0301_char_guest_get_front_1|0301_char_guest_get_back_1,cook|0301_char_guest_get_front_1|0301_char_guest_get_back_1,eat|0301_char_guest_eat_front_1|0301_char_guest_eat_back_1,sit|0301_char_guest_siteat_front_1|0301_char_guest_siteat_back_1,
302,여자 직장인,50,-11|41/11|41/17|47/-17|47,-14|35/14|35/13|38/-13|38,0|0,7,idle|0302_char_guest_idle_front_1|0302_char_guest_idle_back_1,walk|0302_char_guest_walk_front_1|0302_char_guest_walk_back_1,find|0302_char_guest_find_front_1|0302_char_guest_find_back_1,get|0302_char_guest_get_front_1|0302_char_guest_get_back_1,cook|0302_char_guest_get_front_1|0302_char_guest_get_back_1,eat|0302_char_guest_eat_front_1|0302_char_guest_eat_back_1,sit|0302_char_guest_siteat_front_1|0302_char_guest_siteat_back_1,
303,검은머리 직장인,50,-11|41/11|41/17|47/-17|47,-14|35/14|35/13|38/-13|38,0|0,7,idle|0303_char_guest_idle_front_1|0303_char_guest_idle_back_1,walk|0303_char_guest_walk_front_1|0303_char_guest_walk_back_1,find|0303_char_guest_find_front_1|0303_char_guest_find_back_1,get|0303_char_guest_get_front_1|0303_char_guest_get_back_1,cook|0303_char_guest_get_front_1|0303_char_guest_get_back_1,eat|0303_char_guest_eat_front_1|0303_char_guest_eat_back_1,sit|0303_char_guest_siteat_front_1|0303_char_guest_siteat_back_1,
304,노래 듣는 청년,50,-10|42/10|42/13|46/-13|46,-15|29/15|29/18|39/-18|39,0|0,7,idle|0304_char_guest_idle_front_1|0304_char_guest_idle_back_1,walk|0304_char_guest_walk_front_1|0304_char_guest_walk_back_1,find|0304_char_guest_find_front_1|0304_char_guest_find_back_1,get|0304_char_guest_get_front_1|0304_char_guest_get_back_1,cook|0304_char_guest_get_front_1|0304_char_guest_get_back_1,eat|0304_char_guest_eat_front_1|0304_char_guest_eat_back_1,sit|0304_char_guest_siteat_front_1|0304_char_guest_siteat_back_1,
305,모범 청년,50,-10|42/10|42/13|46/-13|46,-15|29/15|29/18|39/-18|39,0|0,7,idle|0305_char_guest_idle_front_1|0305_char_guest_idle_back_1,walk|0305_char_guest_walk_front_1|0305_char_guest_walk_back_1,find|0305_char_guest_find_front_1|0305_char_guest_find_back_1,get|0305_char_guest_get_front_1|0305_char_guest_get_back_1,cook|0305_char_guest_get_front_1|0305_char_guest_get_back_1,eat|0305_char_guest_eat_front_1|0305_char_guest_eat_back_1,sit|0305_char_guest_siteat_front_1|0305_char_guest_siteat_back_1,
306,캠핑가는 청년,50,-10|42/10|42/13|46/-13|46,-15|29/15|29/18|39/-18|39,0|0,7,idle|0306_char_guest_idle_front_1|0306_char_guest_idle_back_1,walk|0306_char_guest_walk_front_1|0306_char_guest_walk_back_1,find|0306_char_guest_find_front_1|0306_char_guest_find_back_1,get|0306_char_guest_get_front_1|0306_char_guest_get_back_1,cook|0306_char_guest_get_front_1|0306_char_guest_get_back_1,eat|0306_char_guest_eat_front_1|0306_char_guest_eat_back_1,sit|0306_char_guest_siteat_front_1|0306_char_guest_siteat_back_1,
307,여대생,50,-10|35/10|35/13|42/-13|42,-17|30/17|30/10|41/-10|41,-2|1,7,idle|0307_char_guest_idle_front_1|0307_char_guest_idle_back_1,walk|0307_char_guest_walk_front_1|0307_char_guest_walk_back_1,find|0307_char_guest_find_front_1|0307_char_guest_find_back_1,get|0307_char_guest_get_front_1|0307_char_guest_get_back_1,cook|0307_char_guest_get_front_1|0307_char_guest_get_back_1,eat|0307_char_guest_eat_front_1|0307_char_guest_eat_back_1,sit|0307_char_guest_siteat_front_1|0307_char_guest_siteat_back_1,
308,금발의 여대생,50,-10|35/10|35/13|42/-13|42,-17|30/17|30/10|41/-10|41,-2|1,7,idle|0308_char_guest_idle_front_1|0308_char_guest_idle_back_1,walk|0308_char_guest_walk_front_1|0308_char_guest_walk_back_1,find|0308_char_guest_find_front_1|0308_char_guest_find_back_1,get|0308_char_guest_get_front_1|0308_char_guest_get_back_1,cook|0308_char_guest_get_front_1|0308_char_guest_get_back_1,eat|0308_char_guest_eat_front_1|0308_char_guest_eat_back_1,sit|0308_char_guest_siteat_front_1|0308_char_guest_siteat_back_1,
309,빨강 머리 여대생,50,-10|35/10|35/13|42/-13|42,-17|30/17|30/10|41/-10|41,-2|1,7,idle|0309_char_guest_idle_front_1|0309_char_guest_idle_back_1,walk|0309_char_guest_walk_front_1|0309_char_guest_walk_back_1,find|0309_char_guest_find_front_1|0309_char_guest_find_back_1,get|0309_char_guest_get_front_1|0309_char_guest_get_back_1,cook|0309_char_guest_get_front_1|0309_char_guest_get_back_1,eat|0309_char_guest_eat_front_1|0309_char_guest_eat_back_1,sit|0309_char_guest_siteat_front_1|0309_char_guest_siteat_back_1,
310,남학생,50,-10|42/10|42/13|45/-13|45,-17|32/17|32/17|37/-17|37,2|2,7,idle|0310_char_guest_idle_front_1|0310_char_guest_idle_back_1,walk|0310_char_guest_walk_front_1|0310_char_guest_walk_back_1,find|0310_char_guest_find_front_1|0310_char_guest_find_back_1,get|0310_char_guest_get_front_1|0310_char_guest_get_back_1,cook|0310_char_guest_get_front_1|0310_char_guest_get_back_1,eat|0310_char_guest_eat_front_1|0310_char_guest_eat_back_1,sit|0310_char_guest_siteat_front_1|0310_char_guest_siteat_back_1,
311,오렌지족 학생,50,-10|42/10|42/13|45/-13|45,-17|32/17|32/17|37/-17|37,2|2,7,idle|0311_char_guest_idle_front_1|0311_char_guest_idle_back_1,walk|0311_char_guest_walk_front_1|0311_char_guest_walk_back_1,find|0311_char_guest_find_front_1|0311_char_guest_find_back_1,get|0311_char_guest_get_front_1|0311_char_guest_get_back_1,cook|0311_char_guest_get_front_1|0311_char_guest_get_back_1,eat|0311_char_guest_eat_front_1|0311_char_guest_eat_back_1,sit|0311_char_guest_siteat_front_1|0311_char_guest_siteat_back_1,
312,안경잡이 학생,50,-10|42/10|42/13|45/-13|45,-17|32/17|32/17|37/-17|37,2|2,7,idle|0312_char_guest_idle_front_1|0312_char_guest_idle_back_1,walk|0312_char_guest_walk_front_1|0312_char_guest_walk_back_1,find|0312_char_guest_find_front_1|0312_char_guest_find_back_1,get|0312_char_guest_get_front_1|0312_char_guest_get_back_1,cook|0312_char_guest_get_front_1|0312_char_guest_get_back_1,eat|0312_char_guest_eat_front_1|0312_char_guest_eat_back_1,sit|0312_char_guest_siteat_front_1|0312_char_guest_siteat_back_1,
313,여학생,50,-8|37/8|37/15|42/-15|42,-14|33/14|33/15|40/-15|40,0|0,7,idle|0313_char_guest_idle_front_1|0313_char_guest_idle_back_1,walk|0313_char_guest_walk_front_1|0313_char_guest_walk_back_1,find|0313_char_guest_find_front_1|0313_char_guest_find_back_1,get|0313_char_guest_get_front_1|0313_char_guest_get_back_1,cook|0313_char_guest_get_front_1|0313_char_guest_get_back_1,eat|0313_char_guest_eat_front_1|0313_char_guest_eat_back_1,sit|0313_char_guest_siteat_front_1|0313_char_guest_siteat_back_1,
314,세일러 복 학생,50,-8|37/8|37/15|42/-15|42,-14|33/14|33/15|40/-15|40,0|0,7,idle|0314_char_guest_idle_front_1|0314_char_guest_idle_back_1,walk|0314_char_guest_walk_front_1|0314_char_guest_walk_back_1,find|0314_char_guest_find_front_1|0314_char_guest_find_back_1,get|0314_char_guest_get_front_1|0314_char_guest_get_back_1,cook|0314_char_guest_get_front_1|0314_char_guest_get_back_1,eat|0314_char_guest_eat_front_1|0314_char_guest_eat_back_1,sit|0314_char_guest_siteat_front_1|0314_char_guest_siteat_back_1,
315,전교 1등 여학생,50,-8|37/8|37/15|42/-15|42,-14|33/14|33/15|40/-15|40,0|0,7,idle|0315_char_guest_idle_front_1|0315_char_guest_idle_back_1,walk|0315_char_guest_walk_front_1|0315_char_guest_walk_back_1,find|0315_char_guest_find_front_1|0315_char_guest_find_back_1,get|0315_char_guest_get_front_1|0315_char_guest_get_back_1,cook|0315_char_guest_get_front_1|0315_char_guest_get_back_1,eat|0315_char_guest_eat_front_1|0315_char_guest_eat_back_1,sit|0315_char_guest_siteat_front_1|0315_char_guest_siteat_back_1,
316,개구장이 꼬마,50,-12|37/12|37/15|41/-15|41,-16|29/16|29/15|34/-15|34,-2|1,7,idle|0316_char_guest_idle_front_1|0316_char_guest_idle_back_1,walk|0316_char_guest_walk_front_1|0316_char_guest_walk_back_1,find|0316_char_guest_find_front_1|0316_char_guest_find_back_1,get|0316_char_guest_get_front_1|0316_char_guest_get_back_1,cook|0316_char_guest_get_front_1|0316_char_guest_get_back_1,eat|0316_char_guest_eat_front_1|0316_char_guest_eat_back_1,sit|0316_char_guest_siteat_front_1|0316_char_guest_siteat_back_1,
317,말괄량이 꼬마,50,-12|37/12|37/15|41/-15|41,-16|29/16|29/15|34/-15|34,-2|1,7,idle|0317_char_guest_idle_front_1|0317_char_guest_idle_back_1,walk|0317_char_guest_walk_front_1|0317_char_guest_walk_back_1,find|0317_char_guest_find_front_1|0317_char_guest_find_back_1,get|0317_char_guest_get_front_1|0317_char_guest_get_back_1,cook|0317_char_guest_get_front_1|0317_char_guest_get_back_1,eat|0317_char_guest_eat_front_1|0317_char_guest_eat_back_1,sit|0317_char_guest_siteat_front_1|0317_char_guest_siteat_back_1,
318,패셔니스트 걸,50,-10|35/10|35/13|42/-13|42,-15|32/15|32/10|38/-10|38,-2|1,7,idle|0318_char_guest_idle_front_1|0318_char_guest_idle_back_1,walk|0318_char_guest_walk_front_1|0318_char_guest_walk_back_1,find|0318_char_guest_find_front_1|0318_char_guest_find_back_1,get|0318_char_guest_get_front_1|0318_char_guest_get_back_1,cook|0318_char_guest_get_front_1|0318_char_guest_get_back_1,eat|0318_char_guest_eat_front_1|0318_char_guest_eat_back_1,sit|0318_char_guest_siteat_front_1|0318_char_guest_siteat_back_1,
319,금발소녀,50,-10|35/10|35/13|42/-13|42,-15|32/15|32/10|40/-10|40,-2|1,7,idle|0319_char_guest_idle_front_1|0319_char_guest_idle_back_1,walk|0319_char_guest_walk_front_1|0319_char_guest_walk_back_1,find|0319_char_guest_find_front_1|0319_char_guest_find_back_1,get|0319_char_guest_get_front_1|0319_char_guest_get_back_1,cook|0319_char_guest_get_front_1|0319_char_guest_get_back_1,eat|0319_char_guest_eat_front_1|0319_char_guest_eat_back_1,sit|0319_char_guest_siteat_front_1|0319_char_guest_siteat_back_1,
320,갈색머리 여학생,50,-10|35/10|35/13|42/-13|42,-15|32/15|32/10|38/-10|38,-2|1,7,idle|0320_char_guest_idle_front_1|0320_char_guest_idle_back_1,walk|0320_char_guest_walk_front_1|0320_char_guest_walk_back_1,find|0320_char_guest_find_front_1|0320_char_guest_find_back_1,get|0320_char_guest_get_front_1|0320_char_guest_get_back_1,cook|0320_char_guest_get_front_1|0320_char_guest_get_back_1,eat|0320_char_guest_eat_front_1|0320_char_guest_eat_back_1,sit|0320_char_guest_siteat_front_1|0320_char_guest_siteat_back_1,
321,럭셔리 뷰티걸,50,-10|35/10|35/13|42/-13|42,-15|32/15|32/10|41/-10|41,-2|1,7,idle|0321_char_guest_idle_front_1|0321_char_guest_idle_back_1,walk|0321_char_guest_walk_front_1|0321_char_guest_walk_back_1,find|0321_char_guest_find_front_1|0321_char_guest_find_back_1,get|0321_char_guest_get_front_1|0321_char_guest_get_back_1,cook|0321_char_guest_get_front_1|0321_char_guest_get_back_1,eat|0321_char_guest_eat_front_1|0321_char_guest_eat_back_1,sit|0321_char_guest_siteat_front_1|0321_char_guest_siteat_back_1,
322,빨간 스웨터 소녀,50,-10|35/10|35/13|42/-13|42,-17|30/17|30/10|38/-10|38,-2|1,7,idle|0322_char_guest_idle_front_1|0322_char_guest_idle_back_1,walk|0322_char_guest_walk_front_1|0322_char_guest_walk_back_1,find|0322_char_guest_find_front_1|0322_char_guest_find_back_1,get|0322_char_guest_get_front_1|0322_char_guest_get_back_1,cook|0322_char_guest_get_front_1|0322_char_guest_get_back_1,eat|0322_char_guest_eat_front_1|0322_char_guest_eat_back_1,sit|0322_char_guest_siteat_front_1|0322_char_guest_siteat_back_1,
323,헤드폰 소년,50,-10|42/10|42/13|45/-13|45,-19|28/19|28/17|37/-17|37,2|2,7,idle|0323_char_guest_idle_front_1|0323_char_guest_idle_back_1,walk|0323_char_guest_walk_front_1|0323_char_guest_walk_back_1,find|0323_char_guest_find_front_1|0323_char_guest_find_back_1,get|0323_char_guest_get_front_1|0323_char_guest_get_back_1,cook|0323_char_guest_get_front_1|0323_char_guest_get_back_1,eat|0323_char_guest_eat_front_1|0323_char_guest_eat_back_1,sit|0323_char_guest_siteat_front_1|0323_char_guest_siteat_back_1,
324,안경 쓴 남학생,50,-10|42/10|42/13|45/-13|45,-20|22/20|22/17|37/-17|37,2|2,7,idle|0324_char_guest_idle_front_1|0324_char_guest_idle_back_1,walk|0324_char_guest_walk_front_1|0324_char_guest_walk_back_1,find|0324_char_guest_find_front_1|0324_char_guest_find_back_1,get|0324_char_guest_get_front_1|0324_char_guest_get_back_1,cook|0324_char_guest_get_front_1|0324_char_guest_get_back_1,eat|0324_char_guest_eat_front_1|0324_char_guest_eat_back_1,sit|0324_char_guest_siteat_front_1|0324_char_guest_siteat_back_1,
325,초록 스웨터 소녀,50,-9|36/9|36/13|44/-13|44,-17|30/17|30/12|38/-12|38,-2|1,7,idle|0325_char_guest_idle_front_1|0325_char_guest_idle_back_1,walk|0325_char_guest_walk_front_1|0325_char_guest_walk_back_1,find|0325_char_guest_find_front_1|0325_char_guest_find_back_1,get|0325_char_guest_get_front_1|0325_char_guest_get_back_1,cook|0325_char_guest_get_front_1|0325_char_guest_get_back_1,eat|0325_char_guest_eat_front_1|0325_char_guest_eat_back_1,sit|0325_char_guest_siteat_front_1|0325_char_guest_siteat_back_1,
326,영업 사원,50,-9|44/9|44/13|48/-13|48,-17|30/17|30/18|40/-18|40,0|0,7,idle|0326_char_guest_idle_front_1|0326_char_guest_idle_back_1,walk|0326_char_guest_walk_front_1|0326_char_guest_walk_back_1,find|0326_char_guest_find_front_1|0326_char_guest_find_back_1,get|0326_char_guest_get_front_1|0326_char_guest_get_back_1,cook|0326_char_guest_get_front_1|0326_char_guest_get_back_1,eat|0326_char_guest_eat_front_1|0326_char_guest_eat_back_1,sit|0326_char_guest_siteat_front_1|0326_char_guest_siteat_back_1,
327,오렌지 머리 아가씨,50,-9|36/9|36/13|44/-13|44,-17|31/17|31/14|35/-14|35,0|0,7,idle|0327_char_guest_idle_front_1|0327_char_guest_idle_back_1,walk|0327_char_guest_walk_front_1|0327_char_guest_walk_back_1,find|0327_char_guest_find_front_1|0327_char_guest_find_back_1,get|0327_char_guest_get_front_1|0327_char_guest_get_back_1,cook|0327_char_guest_get_front_1|0327_char_guest_get_back_1,eat|0327_char_guest_eat_front_1|0327_char_guest_eat_back_1,sit|0327_char_guest_siteat_front_1|0327_char_guest_siteat_back_1,
328,야구점퍼 학생,50,-10|42/10|42/13|45/-13|45,-20|22/20|22/17|37/-17|37,2|2,7,idle|0328_char_guest_idle_front_1|0328_char_guest_idle_back_1,walk|0328_char_guest_walk_front_1|0328_char_guest_walk_back_1,find|0328_char_guest_find_front_1|0328_char_guest_find_back_1,get|0328_char_guest_get_front_1|0328_char_guest_get_back_1,cook|0328_char_guest_get_front_1|0328_char_guest_get_back_1,eat|0328_char_guest_eat_front_1|0328_char_guest_eat_back_1,sit|0328_char_guest_siteat_front_1|0328_char_guest_siteat_back_1,
329,옐로 추리닝 소년,50,-10|42/10|42/13|45/-13|45,-20|22/20|22/17|37/-17|37,2|2,7,idle|0329_char_guest_idle_front_1|0329_char_guest_idle_back_1,walk|0329_char_guest_walk_front_1|0329_char_guest_walk_back_1,find|0329_char_guest_find_front_1|0329_char_guest_find_back_1,get|0329_char_guest_get_front_1|0329_char_guest_get_back_1,cook|0329_char_guest_get_front_1|0329_char_guest_get_back_1,eat|0329_char_guest_eat_front_1|0329_char_guest_eat_back_1,sit|0329_char_guest_siteat_front_1|0329_char_guest_siteat_back_1,
330,피치톤 소녀,50,-9|36/9|36/13|44/-13|44,-17|31/17|31/14|35/-14|35,0|0,7,idle|0330_char_guest_idle_front_1|0330_char_guest_idle_back_1,walk|0330_char_guest_walk_front_1|0330_char_guest_walk_back_1,find|0330_char_guest_find_front_1|0330_char_guest_find_back_1,get|0330_char_guest_get_front_1|0330_char_guest_get_back_1,cook|0330_char_guest_get_front_1|0330_char_guest_get_back_1,eat|0330_char_guest_eat_front_1|0330_char_guest_eat_back_1,sit|0330_char_guest_siteat_front_1|0330_char_guest_siteat_back_1,
600,나고딩,60,0|0/0|0/0|0/0|0,0|0/0|0/0|0/0|0,0|0,5,idle|0600_char_sp_idle_front_1|0600_char_sp_idle_back_1,walk|0600_char_sp_walk_front_1|0600_char_sp_walk_back_1,invoke|0600_char_sp_action_front_1|0600_char_sp_find_back_1,fail|0600_char_sp_failed_front_1|0600_char_sp_failed_front_1,success|0600_char_sp_success_front_1|0600_char_sp_success_front_1,
601,나고딩 친구,60,0|0/0|0/0|0/0|0,0|0/0|0/0|0/0|0,0|0,5,idle|0601_char_sp_idle_front_1|0601_char_sp_idle_back_1,walk|0601_char_sp_walk_front_1|0601_char_sp_walk_back_1,invoke|0601_char_sp_action_front_1|0601_char_sp_find_back_1,fail|0601_char_sp_failed_front_1|0601_char_sp_failed_front_1,success|0601_char_sp_success_front_1|0601_char_sp_success_front_1,
602,정수연,70,0|0/0|0/0|0/0|0,0|0/0|0/0|0/0|0,0|0,7,idle|0602_char_sp_idle_front_1|0602_char_sp_idle_back_1,walk|0602_char_sp_walk_front_1|0602_char_sp_walk_back_1,invoke|0602_char_sp_action_front_1|0602_char_sp_action_front_1,fail|0602_char_sp_failed_front_1|0602_char_sp_failed_front_1,success|0602_char_sp_success_front_1|0602_char_sp_success_front_1,find|0602_char_sp_find_front_1|0602_char_sp_find_back_1,get|0602_char_sp_get_front_1|0602_char_sp_get_back_1,
603,라면 소녀,70,0|0/0|0/0|0/0|0,0|0/0|0/0|0/0|0,0|0,7,idle|0603_char_sp_idle_front_1|0603_char_sp_idle_back_1,walk|0603_char_sp_walk_front_1|0603_char_sp_walk_back_1,invoke|0603_char_sp_action_front_1|0603_char_sp_action_front_1,fail|0603_char_sp_failed_front_1|0603_char_sp_failed_front_1,success|0603_char_sp_success_front_1|0603_char_sp_success_front_1,find|0603_char_sp_find_front_1|0603_char_sp_find_back_1,get|0603_char_sp_get_front_1|0603_char_sp_get_back_1,
604,파파라치,60,0|0/0|0/0|0/0|0,0|0/0|0/0|0/0|0,0|0,5,idle|0604_char_sp_idle_front_1|0604_char_sp_idle_back_1,walk|0604_char_sp_walk_front_1|0604_char_sp_walk_back_1,invoke|0604_char_sp_action_front_1|0604_char_sp_find_back_1,fail|0604_char_sp_failed_front_1|0604_char_sp_failed_front_1,success|0604_char_sp_success_front_1|0604_char_sp_success_front_1,
605,권류희,70,0|0/0|0/0|0/0|0,0|0/0|0/0|0/0|0,0|0,7,idle|0605_char_sp_idle_front_1|0605_char_sp_idle_back_1,walk|0605_char_sp_walk_front_1|0605_char_sp_walk_back_1,invoke|0605_char_sp_action_front_1|0605_char_sp_action_front_1,fail|0605_char_sp_failed_front_1|0605_char_sp_failed_front_1,success|0605_char_sp_success_front_1|0605_char_sp_success_front_1,find|0605_char_sp_find_front_1|0605_char_sp_find_back_1,get|0605_char_sp_get_front_1|0605_char_sp_get_back_1,
606,바캉스 맨,60,0|0/0|0/0|0/0|0,0|0/0|0/0|0/0|0,0|0,5,idle|0606_char_sp_idle_front_1|0606_char_sp_idle_back_1,walk|0606_char_sp_walk_front_1|0606_char_sp_walk_back_1,invoke|0606_char_sp_action_front_1|0606_char_sp_find_back_1,fail|0606_char_sp_failed_front_1|0606_char_sp_failed_front_1,success|0606_char_sp_success_front_1|0606_char_sp_success_front_1,
607,바캉스 걸,70,0|0/0|0/0|0/0|0,0|0/0|0/0|0/0|0,0|0,7,idle|0607_char_sp_idle_front_1|0607_char_sp_idle_back_1,walk|0607_char_sp_walk_front_1|0607_char_sp_walk_back_1,invoke|0607_char_sp_action_front_1|0607_char_sp_action_front_1,fail|0607_char_sp_failed_front_1|0607_char_sp_failed_front_1,success|0607_char_sp_success_front_1|0607_char_sp_success_front_1,find|0607_char_sp_find_front_1|0607_char_sp_find_back_1,get|0607_char_sp_get_front_1|0607_char_sp_get_back_1,
608,프로방스의 소년,60,0|0/0|0/0|0/0|0,0|0/0|0/0|0/0|0,0|0,5,idle|0608_char_sp_idle_front_1|0608_char_sp_idle_back_1,walk|0608_char_sp_walk_front_1|0608_char_sp_walk_back_1,invoke|0608_char_sp_action_front_1|0608_char_sp_find_back_1,fail|0608_char_sp_failed_front_1|0608_char_sp_failed_front_1,success|0608_char_sp_success_front_1|0608_char_sp_success_front_1,
609,엔틱 걸,70,0|0/0|0/0|0/0|0,0|0/0|0/0|0/0|0,0|0,7,idle|0609_char_sp_idle_front_1|0609_char_sp_idle_back_1,walk|0609_char_sp_walk_front_1|0609_char_sp_walk_back_1,invoke|0609_char_sp_action_front_1|0609_char_sp_action_front_1,fail|0609_char_sp_failed_front_1|0609_char_sp_failed_front_1,success|0609_char_sp_success_front_1|0609_char_sp_success_front_1,find|0609_char_sp_find_front_1|0609_char_sp_find_back_1,get|0609_char_sp_get_front_1|0609_char_sp_get_back_1,
610,명품 사모님,60,0|0/0|0/0|0/0|0,0|0/0|0/0|0/0|0,0|0,7,idle|0610_char_sp_idle_front_1|0610_char_sp_idle_back_1,walk|0610_char_sp_walk_front_1|0610_char_sp_walk_back_1,invoke|0610_char_sp_action_front_1|0610_char_sp_action_front_1,fail|0610_char_sp_failed_front_1|0610_char_sp_failed_front_1,success|0610_char_sp_success_front_1|0610_char_sp_success_front_1,find|0610_char_sp_find_front_1|0610_char_sp_find_back_1,get|0610_char_sp_get_front_1|0610_char_sp_get_back_1,
611,루아,70,0|0/0|0/0|0/0|0,0|0/0|0/0|0/0|0,0|0,7,idle|0609_char_sp_idle_front_1|0609_char_sp_idle_back_1,walk|0609_char_sp_walk_front_1|0609_char_sp_walk_back_1,invoke|0609_char_sp_action_front_1|0609_char_sp_action_front_1,fail|0609_char_sp_failed_front_1|0609_char_sp_failed_front_1,success|0609_char_sp_success_front_1|0609_char_sp_success_front_1,find|0609_char_sp_find_front_1|0609_char_sp_find_back_1,get|0609_char_sp_get_front_1|0609_char_sp_get_back_1,
612,소영,70,0|0/0|0/0|0/0|0,0|0/0|0/0|0/0|0,0|0,7,idle|0612_char_sp_idle_front_1|0612_char_sp_idle_back_1,walk|0612_char_sp_walk_front_1|0612_char_sp_walk_back_1,invoke|0612_char_sp_action_front_1|0612_char_sp_action_front_1,fail|0612_char_sp_failed_front_1|0612_char_sp_failed_front_1,success|0612_char_sp_success_front_1|0612_char_sp_success_front_1,find|0612_char_sp_find_front_1|0612_char_sp_find_back_1,get|0612_char_sp_get_front_1|0612_char_sp_get_back_1,
613,네르,60,0|0/0|0/0|0/0|0,0|0/0|0/0|0/0|0,0|0,5,idle|0608_char_sp_idle_front_1|0608_char_sp_idle_back_1,walk|0608_char_sp_walk_front_1|0608_char_sp_walk_back_1,invoke|0608_char_sp_action_front_1|0608_char_sp_find_back_1,fail|0608_char_sp_failed_front_1|0608_char_sp_failed_front_1,success|0608_char_sp_success_front_1|0608_char_sp_success_front_1,
614,와라 매니저,60,0|0/0|0/0|0/0|0,0|0/0|0/0|0/0|0,0|0,5,idle|1600_char_sp_idle_front_1|1600_char_sp_idle_back_1,walk|1600_char_sp_walk_front_1|1600_char_sp_walk_back_1,invoke|1600_char_sp_action_front_1|1600_char_sp_find_back_1,fail|1600_char_sp_failed_front_1|1600_char_sp_failed_front_1,success|1600_char_sp_success_front_1|1600_char_sp_success_front_1,
617,여배우,70,0|0/0|0/0|0/0|0,0|0/0|0/0|0/0|0,0|0,7,idle|0617_char_sp_idle_front_1|0617_char_sp_idle_back_1,walk|0617_char_sp_walk_front_1|0617_char_sp_walk_back_1,invoke|0617_char_sp_action_front_1|0617_char_sp_action_front_1,fail|0617_char_sp_failed_front_1|0617_char_sp_failed_front_1,success|0617_char_sp_success_front_1|0617_char_sp_success_front_1,find|0617_char_sp_find_front_1|0617_char_sp_find_back_1,get|0617_char_sp_get_front_1|0617_char_sp_get_back_1,
618,남배우,70,0|0/0|0/0|0/0|0,0|0/0|0/0|0/0|0,0|0,7,idle|0618_char_sp_idle_front_1|0618_char_sp_idle_back_1,walk|0618_char_sp_walk_front_1|0618_char_sp_walk_back_1,invoke|0618_char_sp_action_front_1|0618_char_sp_action_front_1,fail|0618_char_sp_failed_front_1|0618_char_sp_failed_front_1,success|0618_char_sp_success_front_1|0618_char_sp_success_front_1,find|0618_char_sp_find_front_1|0618_char_sp_find_back_1,get|0618_char_sp_get_front_1|0618_char_sp_get_back_1,
619,재벌회장,70,0|0/0|0/0|0/0|0,0|0/0|0/0|0/0|0,0|0,7,idle|0615_char_sp_idle_front_1|0615_char_sp_idle_back_1,walk|0615_char_sp_walk_front_1|0615_char_sp_walk_back_1,invoke|0615_char_sp_action_front_1|0615_char_sp_action_front_1,fail|0615_char_sp_failed_front_1|0615_char_sp_failed_front_1,success|0615_char_sp_success_front_1|0615_char_sp_success_front_1,find|0615_char_sp_find_front_1|0615_char_sp_find_back_1,get|0615_char_sp_get_front_1|0615_char_sp_get_back_1,
620,핸섬보이,70,0|0/0|0/0|0/0|0,0|0/0|0/0|0/0|0,0|0,7,idle|0616_char_sp_idle_front_1|0616_char_sp_idle_back_1,walk|0616_char_sp_walk_front_1|0616_char_sp_walk_back_1,invoke|0616_char_sp_action_front_1|0616_char_sp_action_front_1,fail|0616_char_sp_failed_front_1|0616_char_sp_failed_front_1,success|0616_char_sp_success_front_1|0616_char_sp_success_front_1,find|0616_char_sp_find_front_1|0616_char_sp_find_back_1,get|0616_char_sp_get_front_1|0616_char_sp_get_back_1,
621,러블리 레이디,70,0|0/0|0/0|0/0|0,0|0/0|0/0|0/0|0,0|0,7,idle|0621_char_sp_idle_front_1|0621_char_sp_idle_back_1,walk|0621_char_sp_walk_front_1|0621_char_sp_walk_back_1,invoke|0621_char_sp_action_front_1|0621_char_sp_action_front_1,fail|0621_char_sp_failed_front_1|0621_char_sp_failed_front_1,success|0621_char_sp_success_front_1|0621_char_sp_success_front_1,find|0621_char_sp_find_front_1|0621_char_sp_find_back_1,get|0621_char_sp_get_front_1|0621_char_sp_get_back_1,
622,산토리니 레이디,70,0|0/0|0/0|0/0|0,0|0/0|0/0|0/0|0,0|0,7,idle|0622_char_sp_idle_front_1|0622_char_sp_idle_back_1,walk|0622_char_sp_walk_front_1|0622_char_sp_walk_back_1,invoke|0622_char_sp_action_front_1|0622_char_sp_action_front_1,fail|0622_char_sp_failed_front_1|0622_char_sp_failed_front_1,success|0622_char_sp_success_front_1|0622_char_sp_success_front_1,find|0622_char_sp_find_front_1|0622_char_sp_find_back_1,get|0622_char_sp_get_front_1|0622_char_sp_get_back_1,
623,이블즈 치어리더,70,0|0/0|0/0|0/0|0,0|0/0|0/0|0/0|0,0|0,7,idle|0623_char_sp_idle_front_1|0623_char_sp_idle_back_1,walk|0623_char_sp_walk_front_1|0623_char_sp_walk_back_1,invoke|0623_char_sp_action_front_1|0623_char_sp_action_front_1,fail|0623_char_sp_failed_front_1|0623_char_sp_failed_front_1,success|0623_char_sp_success_front_1|0623_char_sp_success_front_1,find|0623_char_sp_find_front_1|0623_char_sp_find_back_1,get|0623_char_sp_get_front_1|0623_char_sp_get_back_1,
624,카니발 마스크 맨,70,0|0/0|0/0|0/0|0,0|0/0|0/0|0/0|0,0|0,7,idle|0624_char_sp_idle_front_1|0624_char_sp_idle_back_1,walk|0624_char_sp_walk_front_1|0624_char_sp_walk_back_1,invoke|0624_char_sp_action_front_1|0624_char_sp_action_front_1,fail|0624_char_sp_failed_front_1|0624_char_sp_failed_front_1,success|0624_char_sp_success_front_1|0624_char_sp_success_front_1,find|0624_char_sp_find_front_1|0624_char_sp_find_back_1,get|0624_char_sp_get_front_1|0624_char_sp_get_back_1,
625,장난감 소년,70,0|0/0|0/0|0/0|0,0|0/0|0/0|0/0|0,0|0,7,idle|0625_char_sp_idle_front_1|0625_char_sp_idle_back_1,walk|0625_char_sp_walk_front_1|0625_char_sp_walk_back_1,invoke|0625_char_sp_action_front_1|0625_char_sp_action_front_1,fail|0625_char_sp_failed_front_1|0625_char_sp_failed_front_1,success|0625_char_sp_success_front_1|0625_char_sp_success_front_1,find|0625_char_sp_find_front_1|0625_char_sp_find_back_1,get|0625_char_sp_get_front_1|0625_char_sp_get_back_1,
626,한복 소녀,60,0|0/0|0/0|0/0|0,0|0/0|0/0|0/0|0,0|0,5,idle|0626_char_sp_idle_front_1|0626_char_sp_idle_back_1,walk|0626_char_sp_walk_front_1|0626_char_sp_walk_back_1,invoke|0626_char_sp_action_front_1|0626_char_sp_find_back_1,fail|0626_char_sp_failed_front_1|0626_char_sp_failed_front_1,success|0626_char_sp_success_front_1|0626_char_sp_success_front_1,
627,한복 토끼소녀,60,0|0/0|0/0|0/0|0,0|0/0|0/0|0/0|0,0|0,5,idle|0627_char_sp_idle_front_1|0627_char_sp_idle_back_1,walk|0627_char_sp_walk_front_1|0627_char_sp_walk_back_1,invoke|0627_char_sp_action_front_1|0627_char_sp_find_back_1,fail|0627_char_sp_failed_front_1|0627_char_sp_failed_front_1,success|0627_char_sp_success_front_1|0627_char_sp_success_front_1,
628,민준,60,0|0/0|0/0|0/0|0,0|0/0|0/0|0/0|0,0|0,5,idle|0628_char_sp_idle_front_1|0628_char_sp_idle_back_1,walk|0628_char_sp_walk_front_1|0628_char_sp_walk_back_1,invoke|0628_char_sp_action_front_1|0628_char_sp_find_back_1,fail|0628_char_sp_failed_front_1|0628_char_sp_failed_front_1,success|0628_char_sp_success_front_1|0628_char_sp_success_front_1,
629,은아,60,0|0/0|0/0|0/0|0,0|0/0|0/0|0/0|0,0|0,5,idle|0629_char_sp_idle_front_1|0629_char_sp_idle_back_1,walk|0629_char_sp_walk_front_1|0629_char_sp_walk_back_1,invoke|0629_char_sp_action_front_1|0629_char_sp_find_back_1,fail|0629_char_sp_failed_front_1|0629_char_sp_failed_front_1,success|0629_char_sp_success_front_1|0629_char_sp_success_front_1,
630,청양머리 민준,60,0|0/0|0/0|0/0|0,0|0/0|0/0|0/0|0,0|0,5,idle|0630_char_sp_idle_front_1|0630_char_sp_idle_back_1,walk|0630_char_sp_walk_front_1|0630_char_sp_walk_back_1,invoke|0630_char_sp_action_front_1|0630_char_sp_find_back_1,fail|0630_char_sp_failed_front_1|0630_char_sp_failed_front_1,success|0630_char_sp_success_front_1|0630_char_sp_success_front_1,
631,청양머리 은아,60,0|0/0|0/0|0/0|0,0|0/0|0/0|0/0|0,0|0,5,idle|0631_char_sp_idle_front_1|0631_char_sp_idle_back_1,walk|0631_char_sp_walk_front_1|0631_char_sp_walk_back_1,invoke|0631_char_sp_action_front_1|0631_char_sp_find_back_1,fail|0631_char_sp_failed_front_1|0631_char_sp_failed_front_1,success|0631_char_sp_success_front_1|0631_char_sp_success_front_1,
632,한복입은 민준,60,0|0/0|0/0|0/0|0,0|0/0|0/0|0/0|0,0|0,5,idle|0632_char_sp_idle_front_1|0632_char_sp_idle_back_1,walk|0632_char_sp_walk_front_1|0632_char_sp_walk_back_1,invoke|0632_char_sp_action_front_1|0632_char_sp_find_back_1,fail|0632_char_sp_failed_front_1|0632_char_sp_failed_front_1,success|0632_char_sp_success_front_1|0632_char_sp_success_front_1,
633,한복입은 은아,60,0|0/0|0/0|0/0|0,0|0/0|0/0|0/0|0,0|0,5,idle|0633_char_sp_idle_front_1|0633_char_sp_idle_back_1,walk|0633_char_sp_walk_front_1|0633_char_sp_walk_back_1,invoke|0633_char_sp_action_front_1|0633_char_sp_find_back_1,fail|0633_char_sp_failed_front_1|0633_char_sp_failed_front_1,success|0633_char_sp_success_front_1|0633_char_sp_success_front_1,
634,한복입은 혜연,70,0|0/0|0/0|0/0|0,0|0/0|0/0|0/0|0,0|0,7,idle|0634_char_sp_idle_front_1|0634_char_sp_idle_back_1,walk|0634_char_sp_walk_front_1|0634_char_sp_walk_back_1,invoke|0634_char_sp_action_front_1|0634_char_sp_action_front_1,fail|0634_char_sp_failed_front_1|0634_char_sp_failed_front_1,success|0634_char_sp_success_front_1|0634_char_sp_success_front_1,find|0634_char_sp_find_front_1|0634_char_sp_find_back_1,get|0634_char_sp_get_front_1|0634_char_sp_get_back_1,
635,화이트 캔디 걸,70,0|0/0|0/0|0/0|0,0|0/0|0/0|0/0|0,0|0,7,idle|0635_char_sp_idle_front_1|0635_char_sp_idle_back_1,walk|0635_char_sp_walk_front_1|0635_char_sp_walk_back_1,invoke|0635_char_sp_action_front_1|0635_char_sp_action_front_1,fail|0635_char_sp_failed_front_1|0635_char_sp_failed_front_1,success|0635_char_sp_success_front_1|0635_char_sp_success_front_1,find|0635_char_sp_find_front_1|0635_char_sp_find_back_1,get|0635_char_sp_get_front_1|0635_char_sp_get_back_1,
636,도서관 안경소녀,70,0|0/0|0/0|0/0|0,0|0/0|0/0|0/0|0,0|0,7,idle|0636_char_sp_idle_front_1|0636_char_sp_idle_back_1,walk|0636_char_sp_walk_front_1|0636_char_sp_walk_back_1,invoke|0636_char_sp_action_front_1|0636_char_sp_action_front_1,fail|0636_char_sp_failed_front_1|0636_char_sp_failed_front_1,success|0636_char_sp_success_front_1|0636_char_sp_success_front_1,find|0636_char_sp_find_front_1|0636_char_sp_find_back_1,get|0636_char_sp_get_front_1|0636_char_sp_get_back_1,
637,고래소년,70,0|0/0|0/0|0/0|0,0|0/0|0/0|0/0|0,0|0,5,idle|0637_char_sp_idle_front_1|0637_char_sp_idle_back_1,walk|0637_char_sp_walk_front_1|0637_char_sp_walk_back_1,invoke|0637_char_sp_action_front_1|0637_char_sp_find_back_1,fail|0637_char_sp_failed_front_1|0637_char_sp_failed_front_1,success|0637_char_sp_success_front_1|0637_char_sp_success_front_1,
638,문어소녀,70,0|0/0|0/0|0/0|0,0|0/0|0/0|0/0|0,0|0,7,idle|0638_char_sp_idle_front_1|0638_char_sp_idle_back_1,walk|0638_char_sp_walk_front_1|0638_char_sp_walk_back_1,invoke|0638_char_sp_action_front_1|0638_char_sp_action_front_1,fail|0638_char_sp_failed_front_1|0638_char_sp_failed_front_1,success|0638_char_sp_success_front_1|0638_char_sp_success_front_1,find|0638_char_sp_find_front_1|0638_char_sp_find_back_1,get|0638_char_sp_get_front_1|0638_char_sp_get_back_1,
700,정수연(영업방해),140,0|0/0|0/0|0/0|0,0|0/0|0/0|0/0|0,0|0,7,idle|0700_char_sp_idle_front_1|0700_char_sp_idle_back_1,walk|0700_char_sp_walk_front_1|0700_char_sp_walk_back_1,invoke|0700_char_sp_action_front_1|0700_char_sp_action_front_1,fail|0700_char_sp_failed_front_1|0700_char_sp_failed_front_1,success|0700_char_sp_success_front_1|0700_char_sp_success_front_1,find|0700_char_sp_find_front_1|0700_char_sp_find_back_1,get|0700_char_sp_get_front_1|0700_char_sp_get_back_1,
701,라면 소녀(영업방해),140,0|0/0|0/0|0/0|0,0|0/0|0/0|0/0|0,0|0,7,idle|0701_char_sp_idle_front_1|0701_char_sp_idle_back_1,walk|0701_char_sp_walk_front_1|0701_char_sp_walk_back_1,invoke|0701_char_sp_action_front_1|0701_char_sp_action_front_1,fail|0701_char_sp_failed_front_1|0701_char_sp_failed_front_1,success|0701_char_sp_success_front_1|0701_char_sp_success_front_1,find|0701_char_sp_find_front_1|0701_char_sp_find_back_1,get|0701_char_sp_get_front_1|0701_char_sp_get_back_1,
702,권류희(영업방해),140,0|0/0|0/0|0/0|0,0|0/0|0/0|0/0|0,0|0,7,idle|0702_char_sp_idle_front_1|0702_char_sp_idle_back_1,walk|0702_char_sp_walk_front_1|0702_char_sp_walk_back_1,invoke|0702_char_sp_action_front_1|0702_char_sp_action_front_1,fail|0702_char_sp_failed_front_1|0702_char_sp_failed_front_1,success|0702_char_sp_success_front_1|0702_char_sp_success_front_1,find|0702_char_sp_find_front_1|0702_char_sp_find_back_1,get|0702_char_sp_get_front_1|0702_char_sp_get_back_1,
703,바캉스 걸(영업방해),140,0|0/0|0/0|0/0|0,0|0/0|0/0|0/0|0,0|0,7,idle|0703_char_sp_idle_front_1|0703_char_sp_idle_back_1,walk|0703_char_sp_walk_front_1|0703_char_sp_walk_back_1,invoke|0703_char_sp_action_front_1|0703_char_sp_action_front_1,fail|0703_char_sp_failed_front_1|0703_char_sp_failed_front_1,success|0703_char_sp_success_front_1|0703_char_sp_success_front_1,find|0703_char_sp_find_front_1|0703_char_sp_find_back_1,get|0703_char_sp_get_front_1|0703_char_sp_get_back_1,
704,루아(영업방해),140,0|0/0|0/0|0/0|0,0|0/0|0/0|0/0|0,0|0,7,idle|0704_char_sp_idle_front_1|0704_char_sp_idle_back_1,walk|0704_char_sp_walk_front_1|0704_char_sp_walk_back_1,invoke|0704_char_sp_action_front_1|0704_char_sp_action_front_1,fail|0704_char_sp_failed_front_1|0704_char_sp_failed_front_1,success|0704_char_sp_success_front_1|0704_char_sp_success_front_1,find|0704_char_sp_find_front_1|0704_char_sp_find_back_1,get|0704_char_sp_get_front_1|0704_char_sp_get_back_1,
705,명품 사모님(영업방해),140,0|0/0|0/0|0/0|0,0|0/0|0/0|0/0|0,0|0,7,idle|0705_char_sp_idle_front_1|0705_char_sp_idle_back_1,walk|0705_char_sp_walk_front_1|0705_char_sp_walk_back_1,invoke|0705_char_sp_action_front_1|0705_char_sp_action_front_1,fail|0705_char_sp_failed_front_1|0705_char_sp_failed_front_1,success|0705_char_sp_success_front_1|0705_char_sp_success_front_1,find|0705_char_sp_find_front_1|0705_char_sp_find_back_1,get|0705_char_sp_get_front_1|0705_char_sp_get_back_1,
706,소영(영업방해),140,0|0/0|0/0|0/0|0,0|0/0|0/0|0/0|0,0|0,7,idle|0706_char_sp_idle_front_1|0706_char_sp_idle_back_1,walk|0706_char_sp_walk_front_1|0706_char_sp_walk_back_1,invoke|0706_char_sp_action_front_1|0706_char_sp_action_front_1,fail|0706_char_sp_failed_front_1|0706_char_sp_failed_front_1,success|0706_char_sp_success_front_1|0706_char_sp_success_front_1,find|0706_char_sp_find_front_1|0706_char_sp_find_back_1,get|0706_char_sp_get_front_1|0706_char_sp_get_back_1,
1600,수퍼바이져,60,0|0/0|0/0|0/0|0,0|0/0|0/0|0/0|0,0|0,5,idle|1600_char_sp_idle_front_1|1600_char_sp_idle_back_1,walk|1600_char_sp_walk_front_1|1600_char_sp_walk_back_1,invoke|1600_char_sp_action_front_1|1600_char_sp_find_back_1,fail|1600_char_sp_failed_front_1|1600_char_sp_failed_front_1,success|1600_char_sp_success_front_1|1600_char_sp_success_front_1,
1601,와라 매니저,60,0|0/0|0/0|0/0|0,0|0/0|0/0|0/0|0,0|0,5,idle|1601_char_sp_idle_front_1|1601_char_sp_idle_back_1,walk|1601_char_sp_walk_front_1|1601_char_sp_walk_back_1,invoke|1601_char_sp_action_front_1|1601_char_sp_find_back_1,fail|1601_char_sp_failed_front_1|1601_char_sp_failed_front_1,success|1601_char_sp_success_front_1|1601_char_sp_success_front_1,
1603,우편배달부,60,0|0/0|0/0|0/0|0,0|0/0|0/0|0/0|0,0|0,2,idle|1603_char_sp_idle_front_1|1603_char_sp_idle_back_1,walk|1603_char_sp_walk_front_1|1603_char_sp_walk_back_1,
1604,결제판촉사원,60,0|0/0|0/0|0/0|0,0|0/0|0/0|0/0|0,0|0,2,idle|1604_char_sp_idle_front_1|1604_char_sp_idle_back_1,walk|1604_char_sp_walk_front_1|1604_char_sp_walk_back_1,
1605,뽑기 머신,60,0|0/0|0/0|0/0|0,0|0/0|0/0|0/0|0,0|0,4,idle|1605_char_sp_idle_front_1|1605_char_sp_idle_back_1,walk|1605_char_sp_walk_front_1|1605_char_sp_walk_back_1,fail|1605_char_sp_success_front_1|1605_char_sp_success_front_1,success|1605_char_sp_success_front_1|1605_char_sp_success_front_1,
1700,친구 여자캐릭터,60,-10|43/11|37/17|45/-16|44,-14|32/15|32/15|34/-16|32,0|0,7,idle|1700_char_friend_idle_front|1700_char_friend_idle_back,walk|1700_char_friend_walk_front|1700_char_friend_walk_back,find|1700_char_friend_idle_front|1700_char_friend_idle_back,get|1700_char_friend_get_front|1700_char_friend_get_back,cook|1700_char_friend_get_front|1700_char_friend_get_back,eat|1700_char_friend_eat_front|1700_char_friend_eat_back,sit|1700_char_friend_sit_eat_front|1700_char_friend_sit_eat_back,
1701,친구 남자캐릭터,60,-12|43/13|39/17|45/-16|44,-18|32/18|29/15|34/-16|32,0|0,7,idle|1701_char_friend_idle_front|1701_char_friend_idle_back,walk|1701_char_friend_walk_front|1701_char_friend_walk_back,find|1701_char_friend_idle_front|1701_char_friend_idle_back,get|1701_char_friend_get_front|1701_char_friend_get_back,cook|1701_char_friend_get_front|1701_char_friend_get_back,eat|1701_char_friend_eat_front|1701_char_friend_eat_back,sit|1701_char_friend_sit_front|1701_char_friend_sit_back,
1702,와라 택배원,60,0|0/0|0/0|0/0|0,0|0/0|0/0|0/0|0,0|0,5,idle|1702_char_sp_idle_front_1|1702_char_sp_idle_back_1,walk|1702_char_sp_walk_front_1|1702_char_sp_walk_back_1,empty|1702_char_sp_empty_front_1|1702_char_sp_empty_back_1,fail|1702_char_sp_failed_front_1|1702_char_sp_failed_front_1,success|1702_char_sp_success_front_1|1702_char_sp_success_front_1,
1703,와라 택배원 차,60,0|0/0|0/0|0/0|0,0|0/0|0/0|0/0|0,0|0,1,idle|1703_car_idle|1703_car_idle,
1704,힘쌘 배송,60,0|0/0|0/0|0/0|0,0|0/0|0/0|0/0|0,0|0,5,idle|1704_char_sp_idle_front_1|1704_char_sp_idle_back_1,walk|1704_char_sp_walk_front_1|1704_char_sp_walk_back_1,empty|1704_char_sp_empty_front_1|1704_char_sp_empty_back_1,fail|1704_char_sp_failed_front_1|1704_char_sp_failed_front_1,success|1704_char_sp_success_front_1|1704_char_sp_success_front_1,
1705,날쌘 배송,60,0|0/0|0/0|0/0|0,0|0/0|0/0|0/0|0,0|0,5,idle|1705_char_sp_idle_front_1|1705_char_sp_idle_back_1,walk|1705_char_sp_walk_front_1|1705_char_sp_walk_back_1,empty|1705_char_sp_empty_front_1|1705_char_sp_empty_back_1,fail|1705_char_sp_failed_front_1|1705_char_sp_failed_front_1,success|1705_char_sp_success_front_1|1705_char_sp_success_front_1,
1706,밀리터리 배송,60,0|0/0|0/0|0/0|0,0|0/0|0/0|0/0|0,0|0,5,idle|1706_char_sp_idle_front_1|1706_char_sp_idle_back_1,walk|1706_char_sp_walk_front_1|1706_char_sp_walk_back_1,empty|1706_char_sp_empty_front_1|1706_char_sp_empty_back_1,fail|1706_char_sp_failed_front_1|1706_char_sp_failed_front_1,success|1706_char_sp_success_front_1|1706_char_sp_success_front_1,
1707,에이전트 배송,60,0|0/0|0/0|0/0|0,0|0/0|0/0|0/0|0,0|0,5,idle|1707_char_sp_idle_front_1|1707_char_sp_idle_back_1,walk|1707_char_sp_walk_front_1|1707_char_sp_walk_back_1,empty|1707_char_sp_empty_front_1|1707_char_sp_empty_back_1,fail|1707_char_sp_failed_front_1|1707_char_sp_failed_front_1,success|1707_char_sp_success_front_1|1707_char_sp_success_front_1,
1708,사탕 배송,60,0|0/0|0/0|0/0|0,0|0/0|0/0|0/0|0,0|0,5,idle|1708_char_sp_idle_front_1|1708_char_sp_idle_back_1,walk|1708_char_sp_walk_front_1|1708_char_sp_walk_back_1,empty|1708_char_sp_empty_front_1|1708_char_sp_empty_back_1,fail|1708_char_sp_failed_front_1|1708_char_sp_failed_front_1,success|1708_char_sp_success_front_1|1708_char_sp_success_front_1,
1709,화이트 캔디 배송,60,0|0/0|0/0|0/0|0,0|0/0|0/0|0/0|0,0|0,5,idle|1709_char_sp_idle_front_1|1709_char_sp_idle_back_1,walk|1709_char_sp_walk_front_1|1709_char_sp_walk_back_1,empty|1709_char_sp_empty_front_1|1709_char_sp_empty_back_1,fail|1709_char_sp_failed_front_1|1709_char_sp_failed_front_1,success|1709_char_sp_success_front_1|1709_char_sp_success_front_1,
1710,라이더 배송,60,0|0/0|0/0|0/0|0,0|0/0|0/0|0/0|0,0|0,5,idle|1710_char_sp_idle_front_1|1710_char_sp_idle_back_1,walk|1710_char_sp_walk_front_1|1710_char_sp_walk_back_1,empty|1710_char_sp_empty_front_1|1710_char_sp_empty_back_1,fail|1710_char_sp_failed_front_1|1710_char_sp_failed_front_1,success|1710_char_sp_success_front_1|1710_char_sp_success_front_1,
1711,카니발 걸 배송,60,0|0/0|0/0|0/0|0,0|0/0|0/0|0/0|0,0|0,5,idle|1711_char_sp_idle_front_1|1711_char_sp_idle_back_1,walk|1711_char_sp_walk_front_1|1711_char_sp_walk_back_1,empty|1711_char_sp_empty_front_1|1711_char_sp_empty_back_1,fail|1711_char_sp_failed_front_1|1711_char_sp_failed_front_1,success|1711_char_sp_success_front_1|1711_char_sp_success_front_1,
1712,가을농장 배송,60,0|0/0|0/0|0/0|0,0|0/0|0/0|0/0|0,0|0,5,idle|1712_char_sp_idle_front_1|1712_char_sp_idle_back_1,walk|1712_char_sp_walk_front_1|1712_char_sp_walk_back_1,empty|1712_char_sp_empty_front_1|1712_char_sp_empty_back_1,fail|1712_char_sp_failed_front_1|1712_char_sp_failed_front_1,success|1712_char_sp_success_front_1|1712_char_sp_success_front_1,
1713,빼빼과자 배송,60,0|0/0|0/0|0/0|0,0|0/0|0/0|0/0|0,0|0,5,idle|1713_char_sp_idle_front_1|1713_char_sp_idle_back_1,walk|1713_char_sp_walk_front_1|1713_char_sp_walk_back_1,empty|1713_char_sp_empty_front_1|1713_char_sp_empty_back_1,fail|1713_char_sp_failed_front_1|1713_char_sp_failed_front_1,success|1713_char_sp_success_front_1|1713_char_sp_success_front_1,
1714,치파오 배송,60,0|0/0|0/0|0/0|0,0|0/0|0/0|0/0|0,0|0,5,idle|1714_char_sp_idle_front_1|1714_char_sp_idle_back_1,walk|1714_char_sp_walk_front_1|1714_char_sp_walk_back_1,empty|1714_char_sp_empty_front_1|1714_char_sp_empty_back_1,fail|1714_char_sp_failed_front_1|1714_char_sp_failed_front_1,success|1714_char_sp_success_front_1|1714_char_sp_success_front_1,
1715,보부상 배송,60,0|0/0|0/0|0/0|0,0|0/0|0/0|0/0|0,0|0,5,idle|1715_char_sp_idle_front_1|1715_char_sp_idle_back_1,walk|1715_char_sp_walk_front_1|1715_char_sp_walk_back_1,empty|1715_char_sp_empty_front_1|1715_char_sp_empty_back_1,fail|1715_char_sp_failed_front_1|1715_char_sp_failed_front_1,success|1715_char_sp_success_front_1|1715_char_sp_success_front_1,
1716,도서관 사서 배송,60,0|0/0|0/0|0/0|0,0|0/0|0/0|0/0|0,0|0,5,idle|1716_char_sp_idle_front_1|1716_char_sp_idle_back_1,walk|1716_char_sp_walk_front_1|1716_char_sp_walk_back_1,empty|1716_char_sp_empty_front_1|1716_char_sp_empty_back_1,fail|1716_char_sp_failed_front_1|1716_char_sp_failed_front_1,success|1716_char_sp_success_front_1|1716_char_sp_success_front_1,
1717,마린걸 배송,60,0|0/0|0/0|0/0|0,0|0/0|0/0|0/0|0,0|0,5,idle|1717_char_sp_idle_front_1|1717_char_sp_idle_back_1,walk|1717_char_sp_walk_front_1|1717_char_sp_walk_back_1,empty|1717_char_sp_empty_front_1|1717_char_sp_empty_back_1,fail|1717_char_sp_failed_front_1|1717_char_sp_failed_front_1,success|1717_char_sp_success_front_1|1717_char_sp_success_front_1,
10101,,0,0|0/0|0/0|0/0|0,0|0/0|0/0|0/0|0,0|0,0,
12004,토끼,70,0|0/0|0/0|0/0|0,0|0/0|0/0|0/0|0,0|0,3,idle|0901_pet_idle_front|0901_pet_idle_back,walk|0901_pet_walk_front|0901_pet_walk_back,success|0901_pet_success|0901_pet_success,
12005,닥스훈트,70,0|0/0|0/0|0/0|0,0|0/0|0/0|0/0|0,0|0,3,idle|0902_pet_idle_front|0902_pet_idle_back,walk|0902_pet_walk_front|0902_pet_walk_back,success|0902_pet_success|0902_pet_success,
12006,달마시안,70,0|0/0|0/0|0/0|0,0|0/0|0/0|0/0|0,0|0,3,idle|0903_pet_idle_front|0903_pet_idle_back,walk|0903_pet_walk_front|0903_pet_walk_back,success|0903_pet_success|0903_pet_success,
12008,거북이,30,0|0/0|0/0|0/0|0,0|0/0|0/0|0/0|0,0|0,3,idle|0905_pet_idle_front|0905_pet_idle_back,walk|0905_pet_walk_front|0905_pet_walk_back,success|0905_pet_success|0905_pet_success,
12011,꼬마 곰,40,0|0/0|0/0|0/0|0,0|0/0|0/0|0/0|0,0|0,3,idle|0908_pet_idle_front|0908_pet_idle_back,walk|0908_pet_walk_front|0908_pet_walk_back,success|0908_pet_success|0908_pet_success,
12012,백구,40,0|0/0|0/0|0/0|0,0|0/0|0/0|0/0|0,0|0,3,idle|0909_pet_idle_front|0909_pet_idle_back,walk|0909_pet_walk_front|0909_pet_walk_back,success|0909_pet_success|0909_pet_success,
12022,아기팬더,50,0|0/0|0/0|0/0|0,0|0/0|0/0|0/0|0,0|0,3,idle|0919_pet_idle_front|0919_pet_idle_back,walk|0919_pet_walk_front|0919_pet_walk_back,success|0919_pet_success|0919_pet_success,
12023,사막여우,50,0|0/0|0/0|0/0|0,0|0/0|0/0|0/0|0,0|0,3,idle|0920_pet_idle_front|0920_pet_idle_back,walk|0920_pet_walk_front|0920_pet_walk_back,success|0920_pet_success|0920_pet_success,
12033,복실이,50,0|0/0|0/0|0/0|0,0|0/0|0/0|0/0|0,0|0,3,idle|0906_pet_idle_front|0906_pet_idle_back,walk|0906_pet_walk_front|0906_pet_walk_back,success|0906_pet_success|0906_pet_success,
12034,아기돼지,50,0|0/0|0/0|0/0|0,0|0/0|0/0|0/0|0,0|0,3,idle|0907_pet_idle_front|0907_pet_idle_back,walk|0907_pet_walk_front|0907_pet_walk_back,success|0907_pet_success|0907_pet_success,
12038,푸들,50,0|0/0|0/0|0/0|0,0|0/0|0/0|0/0|0,0|0,3,idle|0913_pet_idle_front|0913_pet_idle_back,walk|0913_pet_walk_front|0913_pet_walk_back,success|0913_pet_success|0913_pet_success,
12040,들고양이,50,0|0/0|0/0|0/0|0,0|0/0|0/0|0/0|0,0|0,3,idle|0914_pet_idle_front|0914_pet_idle_back,walk|0914_pet_walk_front|0914_pet_walk_back,success|0914_pet_success|0914_pet_success,
12042,샴 고양이,50,0|0/0|0/0|0/0|0,0|0/0|0/0|0/0|0,0|0,3,idle|0915_pet_idle_front|0915_pet_idle_back,walk|0915_pet_walk_front|0915_pet_walk_back,success|0915_pet_success|0915_pet_success,
12044,페르시안 고양이,50,0|0/0|0/0|0/0|0,0|0/0|0/0|0/0|0,0|0,3,idle|0916_pet_idle_front|0916_pet_idle_back,walk|0916_pet_walk_front|0916_pet_walk_back,success|0916_pet_success|0916_pet_success,
12048,시베리안 허스키,50,0|0/0|0/0|0/0|0,0|0/0|0/0|0/0|0,0|0,3,idle|0918_pet_idle_front|0918_pet_idle_back,walk|0918_pet_walk_front|0918_pet_walk_back,success|0918_pet_success|0918_pet_success,
12052,아기백호,50,0|0/0|0/0|0/0|0,0|0/0|0/0|0/0|0,0|0,3,idle|0921_pet_idle_front|0921_pet_idle_back,walk|0921_pet_walk_front|0921_pet_walk_back,success|0921_pet_success|0921_pet_success,
12054,아기사자,50,0|0/0|0/0|0/0|0,0|0/0|0/0|0/0|0,0|0,3,idle|0922_pet_idle_front|0922_pet_idle_back,walk|0922_pet_walk_front|0922_pet_walk_back,success|0922_pet_success|0922_pet_success,
12056,얼룩말,50,0|0/0|0/0|0/0|0,0|0/0|0/0|0/0|0,0|0,3,idle|0923_pet_idle_front|0923_pet_idle_back,walk|0923_pet_walk_front|0923_pet_walk_back,success|0923_pet_success|0923_pet_success,
12059,불독,50,0|0/0|0/0|0/0|0,0|0/0|0/0|0/0|0,0|0,3,idle|0924_pet_idle_front|0924_pet_idle_back,walk|0924_pet_walk_front|0924_pet_walk_back,success|0924_pet_success|0924_pet_success,
12061,코알라,50,0|0/0|0/0|0/0|0,0|0/0|0/0|0/0|0,0|0,3,idle|0925_pet_idle_front|0925_pet_idle_back,walk|0925_pet_walk_front|0925_pet_walk_back,success|0925_pet_success|0925_pet_success,
12062,캥거루,50,0|0/0|0/0|0/0|0,0|0/0|0/0|0/0|0,0|0,3,idle|0927_pet_idle_front|0927_pet_idle_back,walk|0927_pet_walk_front|0927_pet_walk_back,success|0927_pet_success|0927_pet_success,
12065,뱅갈 고양이,50,0|0/0|0/0|0/0|0,0|0/0|0/0|0/0|0,0|0,3,idle|0926_pet_idle_front|0926_pet_idle_back,walk|0926_pet_walk_front|0926_pet_walk_back,success|0926_pet_success|0926_pet_success,
12066,러블리 그레이 고양이,50,0|0/0|0/0|0/0|0,0|0/0|0/0|0/0|0,0|0,3,idle|0928_pet_idle_front|0928_pet_idle_back,walk|0928_pet_walk_front|0928_pet_walk_back,success|0928_pet_success|0928_pet_success,
12067,러블리 블랙 고양이,50,0|0/0|0/0|0/0|0,0|0/0|0/0|0/0|0,0|0,3,idle|0929_pet_idle_front|0929_pet_idle_back,walk|0929_pet_walk_front|0929_pet_walk_back,success|0929_pet_success|0929_pet_success,
12068,하얀 아기염소,50,0|0/0|0/0|0/0|0,0|0/0|0/0|0/0|0,0|0,3,idle|0930_pet_idle_front|0930_pet_idle_back,walk|0930_pet_walk_front|0930_pet_walk_back,success|0930_pet_success|0930_pet_success,
12069,점박이 아기염소,50,0|0/0|0/0|0/0|0,0|0/0|0/0|0/0|0,0|0,3,idle|0931_pet_idle_front|0931_pet_idle_back,walk|0931_pet_walk_front|0931_pet_walk_back,success|0931_pet_success|0931_pet_success,
12070,멧돼지,50,0|0/0|0/0|0/0|0,0|0/0|0/0|0/0|0,0|0,3,idle|0932_pet_idle_front|0932_pet_idle_back,walk|0932_pet_walk_front|0932_pet_walk_back,success|0932_pet_success|0932_pet_success,
12071,알파카,50,0|0/0|0/0|0/0|0,0|0/0|0/0|0/0|0,0|0,3,idle|0933_pet_idle_front|0933_pet_idle_back,walk|0933_pet_walk_front|0933_pet_walk_back,success|0933_pet_success|0933_pet_success,
12072,수영복 돼지,50,0|0/0|0/0|0/0|0,0|0/0|0/0|0/0|0,0|0,3,idle|0934_pet_idle_front|0934_pet_idle_back,walk|0934_pet_walk_front|0934_pet_walk_back,success|0934_pet_success|0934_pet_success,
12073,마린 수영복 돼지,50,0|0/0|0/0|0/0|0,0|0/0|0/0|0/0|0,0|0,3,idle|0935_pet_idle_front|0935_pet_idle_back,walk|0935_pet_walk_front|0935_pet_walk_back,success|0935_pet_success|0935_pet_success,
12074,원숭이,50,0|0/0|0/0|0/0|0,0|0/0|0/0|0/0|0,0|0,3,idle|0936_pet_idle_front|0936_pet_idle_back,walk|0936_pet_walk_front|0936_pet_walk_back,success|0936_pet_success|0936_pet_success,
12075,모자 쓴 원숭이,50,0|0/0|0/0|0/0|0,0|0/0|0/0|0/0|0,0|0,3,idle|0937_pet_idle_front|0937_pet_idle_back,walk|0937_pet_walk_front|0937_pet_walk_back,success|0937_pet_success|0937_pet_success,
12076,기린,50,0|0/0|0/0|0/0|0,0|0/0|0/0|0/0|0,0|0,3,idle|0938_pet_idle_front|0938_pet_idle_back,walk|0938_pet_walk_front|0938_pet_walk_back,success|0938_pet_success|0938_pet_success,
12077,점퍼입은 기린,50,0|0/0|0/0|0/0|0,0|0/0|0/0|0/0|0,0|0,3,idle|0939_pet_idle_front|0939_pet_idle_back,walk|0939_pet_walk_front|0939_pet_walk_back,success|0939_pet_success|0939_pet_success,
12078,자전거 꼬마곰,50,0|0/0|0/0|0/0|0,0|0/0|0/0|0/0|0,0|0,3,idle|0940_pet_idle_front|0940_pet_idle_back,walk|0940_pet_walk_front|0940_pet_walk_back,success|0940_pet_success|0940_pet_success,
12079,이블즈 곰1,50,0|0/0|0/0|0/0|0,0|0/0|0/0|0/0|0,0|0,3,idle|0941_pet_idle_front|0941_pet_idle_back,walk|0941_pet_walk_front|0941_pet_walk_back,success|0941_pet_success|0941_pet_success,
12080,이블즈 곰2,50,0|0/0|0/0|0/0|0,0|0/0|0/0|0/0|0,0|0,3,idle|0942_pet_idle_front|0942_pet_idle_back,walk|0942_pet_walk_front|0942_pet_walk_back,success|0942_pet_success|0942_pet_success,
12081,꼬마 눈사람,50,0|0/0|0/0|0/0|0,0|0/0|0/0|0/0|0,0|0,3,idle|0943_pet_idle_front|0943_pet_idle_back,walk|0943_pet_walk_front|0943_pet_walk_back,success|0943_pet_success|0943_pet_success,
12082,아기펭귄,50,0|0/0|0/0|0/0|0,0|0/0|0/0|0/0|0,0|0,3,idle|0944_pet_idle_front|0944_pet_idle_back,walk|0944_pet_walk_front|0944_pet_walk_back,success|0944_pet_success|0944_pet_success,
12083,꽃하마,50,0|0/0|0/0|0/0|0,0|0/0|0/0|0/0|0,0|0,3,idle|0945_pet_idle_front|0945_pet_idle_back,walk|0945_pet_walk_front|0945_pet_walk_back,success|0945_pet_success|0945_pet_success,
12084,인도 코끼리,50,0|0/0|0/0|0/0|0,0|0/0|0/0|0/0|0,0|0,3,idle|0946_pet_idle_front|0946_pet_idle_back,walk|0946_pet_walk_front|0946_pet_walk_back,success|0946_pet_success|0946_pet_success,
12085,추석 페르시안,50,0|0/0|0/0|0/0|0,0|0/0|0/0|0/0|0,0|0,3,idle|0947_pet_idle_front|0947_pet_idle_back,walk|0947_pet_walk_front|0947_pet_walk_back,success|0947_pet_success|0947_pet_success,
12086,추석 토끼,50,0|0/0|0/0|0/0|0,0|0/0|0/0|0/0|0,0|0,3,idle|0948_pet_idle_front|0948_pet_idle_back,walk|0948_pet_walk_front|0948_pet_walk_back,success|0948_pet_success|0948_pet_success,
12087,산호 거북이,50,0|0/0|0/0|0/0|0,0|0/0|0/0|0/0|0,0|0,3,idle|0949_pet_idle_front|0949_pet_idle_back,walk|0949_pet_walk_front|0949_pet_walk_back,success|0949_pet_success|0949_pet_success,
12088,차이나 판다,50,0|0/0|0/0|0/0|0,0|0/0|0/0|0/0|0,0|0,3,idle|0950_pet_idle_front|0950_pet_idle_back,walk|0950_pet_walk_front|0950_pet_walk_back,success|0950_pet_success|0950_pet_success,
12089,턱시도 토끼,50,0|0/0|0/0|0/0|0,0|0/0|0/0|0/0|0,0|0,3,idle|0951_pet_idle_front|0951_pet_idle_back,walk|0951_pet_walk_front|0951_pet_walk_back,success|0951_pet_success|0951_pet_success,
12090,털모자 알파카,50,0|0/0|0/0|0/0|0,0|0/0|0/0|0/0|0,0|0,3,idle|0952_pet_idle_front|0952_pet_idle_back,walk|0952_pet_walk_front|0952_pet_walk_back,success|0952_pet_success|0952_pet_success,
12091,루돌프,50,0|0/0|0/0|0/0|0,0|0/0|0/0|0/0|0,0|0,3,idle|0953_pet_idle_front|0953_pet_idle_back,walk|0953_pet_walk_front|0953_pet_walk_back,success|0953_pet_success|0953_pet_success,
12092,산타곰,50,0|0/0|0/0|0/0|0,0|0/0|0/0|0/0|0,0|0,3,idle|0954_pet_idle_front|0954_pet_idle_back,walk|0954_pet_walk_front|0954_pet_walk_back,success|0954_pet_success|0954_pet_success,
12093,파란 양,50,0|0/0|0/0|0/0|0,0|0/0|0/0|0/0|0,0|0,3,idle|0955_pet_idle_front|0955_pet_idle_back,walk|0955_pet_walk_front|0955_pet_walk_back,success|0955_pet_success|0955_pet_success,
12094,분홍 양,50,0|0/0|0/0|0/0|0,0|0/0|0/0|0/0|0,0|0,3,idle|0956_pet_idle_front|0956_pet_idle_back,walk|0956_pet_walk_front|0956_pet_walk_back,success|0956_pet_success|0956_pet_success,
12095,설날 파란 양,50,0|0/0|0/0|0/0|0,0|0/0|0/0|0/0|0,0|0,3,idle|0957_pet_idle_front|0957_pet_idle_back,walk|0957_pet_walk_front|0957_pet_walk_back,success|0957_pet_success|0957_pet_success,
12096,설날 분홍 양,50,0|0/0|0/0|0/0|0,0|0/0|0/0|0/0|0,0|0,3,idle|0958_pet_idle_front|0958_pet_idle_back,walk|0958_pet_walk_front|0958_pet_walk_back,success|0958_pet_success|0958_pet_success,
12097,모자 쓴 여우,50,0|0/0|0/0|0/0|0,0|0/0|0/0|0/0|0,0|0,3,idle|0959_pet_idle_front|0959_pet_idle_back,walk|0959_pet_walk_front|0959_pet_walk_back,success|0959_pet_success|0959_pet_success,
12098,낙타,50,0|0/0|0/0|0/0|0,0|0/0|0/0|0/0|0,0|0,3,idle|0960_pet_idle_front|0960_pet_idle_back,walk|0960_pet_walk_front|0960_pet_walk_back,success|0960_pet_success|0960_pet_success,
12099,꽃사슴,50,0|0/0|0/0|0/0|0,0|0/0|0/0|0/0|0,0|0,3,idle|0961_pet_idle_front|0961_pet_idle_back,walk|0961_pet_walk_front|0961_pet_walk_back,success|0961_pet_success|0961_pet_success,
12100,페럿,50,0|0/0|0/0|0/0|0,0|0/0|0/0|0/0|0,0|0,3,idle|0962_pet_idle_front|0962_pet_idle_back,walk|0962_pet_walk_front|0962_pet_walk_back,success|0962_pet_success|0962_pet_success,
12101,피크닉 고양이,50,0|0/0|0/0|0/0|0,0|0/0|0/0|0/0|0,0|0,3,idle|0963_pet_idle_front|0963_pet_idle_back,walk|0963_pet_walk_front|0963_pet_walk_back,success|0963_pet_success|0963_pet_success,
20201,,0,0|0/0|0/0|0/0|0,0|0/0|0/0|0/0|0,0|0,0,
30301,,0,0|0/0|0/0|0/0|0,0|0/0|0/0|0/0|0,0|0,0,
40401,,0,0|0/0|0/0|0/0|0,0|0/0|0/0|0/0|0,0|0,0,
